Date,Open,High,Low,Close,Adj Close,Volume
25-03-2015,164.600006,165.399994,160.800003,161.300003,134.890427,14640920
26-03-2015,160.199997,164.600006,158.410004,161.270004,134.865326,42225610
27-03-2015,162.559998,164.399994,156.639999,163.199997,136.479324,28115590
30-03-2015,163.869995,165.539993,163,164.589996,137.641739,12687060
31-03-2015,165.539993,166.779999,162.160004,163.149994,136.437515,14274760
01-04-2015,162.440002,170.199997,161.619995,169.550003,141.789642,14082540
06-04-2015,170.009995,171.559998,168.199997,169.179993,141.480209,11597585
07-04-2015,170.5,170.5,167.089996,168.160004,140.627228,13655825
08-04-2015,168.759995,168.759995,163.800003,164.119995,137.248688,19859170
09-04-2015,165.199997,168.759995,164.369995,168.339996,140.777771,19811865
10-04-2015,169.289993,170.080002,167.610001,168.520004,140.928284,11584115
13-04-2015,168.779999,169.360001,167.130005,168.339996,140.777771,9860795
15-04-2015,168.860001,172.800003,167.199997,169.130005,141.438431,17151840
16-04-2015,169.729996,170.919998,167.080002,170.160004,142.299774,12454880
17-04-2015,170.070007,170.070007,161.240005,161.880005,135.375443,20015130
20-04-2015,162.580002,163.139999,155.009995,157.580002,131.779495,22838400
21-04-2015,156.529999,160.600006,154.360001,156.75,131.085373,17859615
22-04-2015,158,160.320007,155.240005,159.210007,133.142609,34472565
23-04-2015,161,171,160.979996,170.259995,142.383377,66203965
24-04-2015,170.800003,170.940002,164.100006,164.789993,137.80899,25613130
27-04-2015,165.559998,166.039993,160.770004,162.220001,135.659775,15325245
28-04-2015,161.759995,166.360001,161.100006,165.289993,138.227112,24754225
29-04-2015,164.800003,168.979996,164,166.910004,139.581894,16815610
30-04-2015,166.320007,169.759995,165.389999,167.889999,140.401428,32475555
04-05-2015,169.399994,171.839996,168,170.779999,142.818253,10958590
05-05-2015,170.399994,173.110001,169.839996,171.490005,143.412003,11601860
06-05-2015,170,170.800003,163.399994,164.210007,137.323959,15416255
07-05-2015,163.960007,163.960007,157.639999,159.679993,133.53566,16180565
08-05-2015,161.300003,165.899994,160.690002,165.220001,138.168594,17101355
11-05-2015,166.399994,169.679993,165.399994,168.869995,141.220978,10048910
12-05-2015,168.699997,168.699997,163.800003,164.529999,137.591568,11975115
13-05-2015,165.199997,169.949997,165.119995,168.149994,140.618866,19426025
14-05-2015,167.880005,169,165.279999,167.759995,140.292709,15087310
15-05-2015,168.880005,172.860001,168.320007,169.910004,142.090698,17026980
18-05-2015,170.740005,173.759995,170.410004,172.910004,144.599518,11991900
19-05-2015,172.800003,175.550003,171.600006,172.809998,144.515869,17563885
20-05-2015,173.339996,175.800003,173.199997,174.960007,146.313873,11868010
21-05-2015,173.990005,174.199997,170.580002,172.160004,151.779938,9573470
22-05-2015,172.759995,174.5,172.240005,173.369995,152.84668,9091245
25-05-2015,173.399994,173.649994,170.110001,170.539993,150.3517,6228425
26-05-2015,171.240005,172.899994,169.050003,172.149994,151.771103,8637040
27-05-2015,169.600006,174.800003,169.600006,174.179993,153.560791,9011875
28-05-2015,174.339996,175.179993,171.220001,171.809998,151.471329,15283635
29-05-2015,172.139999,176.869995,172.139999,176.460007,155.570892,10859570
01-06-2015,176.979996,179.5,175.619995,175.910004,155.086014,12704125
02-06-2015,176.589996,176.610001,168.270004,169.139999,149.117416,16620215
03-06-2015,168.600006,168.740005,165,165.880005,146.243347,21569610
04-06-2015,167,167.179993,164.050003,165.429993,145.846603,16055485
05-06-2015,165.399994,168.199997,163.630005,164.679993,145.185394,13471950
08-06-2015,166,166.100006,163.110001,164.520004,145.044342,10556045
09-06-2015,164.580002,167.100006,163.639999,164.639999,145.150116,11576335
10-06-2015,164.600006,167.279999,164.600006,166.690002,146.957458,8792205
11-06-2015,168,168.690002,160.399994,160.919998,141.870499,15458335
12-06-2015,159.779999,162.169998,158.800003,161.089996,142.020355,15189245
15-06-2015,162.380005,163,159.610001,160.710007,141.685349,9629465
16-06-2015,160.800003,163.800003,159.220001,163.100006,143.79245,10452720
17-06-2015,164,164.740005,162.320007,163.419998,144.074554,10595150
18-06-2015,162.100006,165.679993,161.429993,164.929993,145.405792,15115310
19-06-2015,165.199997,166.949997,164.399994,165.979996,146.331497,9672370
22-06-2015,167.160004,172.800003,167.020004,171.880005,151.533066,16062505
23-06-2015,172.179993,173.960007,171.160004,173.279999,152.767334,12920395
24-06-2015,172.199997,174.759995,170.5,172.009995,151.647675,9633250
25-06-2015,171.479996,173,169.600006,171.729996,151.400833,9546750
26-06-2015,170.399994,171.119995,167.919998,170.149994,150.007858,8739610
29-06-2015,166.600006,168,164.800003,167.509995,147.680374,13008910
30-06-2015,167.800003,169.199997,166.809998,168.770004,148.791229,10901255
01-07-2015,168.779999,174.300003,168.330002,173.410004,152.881927,10008360
02-07-2015,173.600006,175.600006,173.399994,173.940002,153.349213,12745860
03-07-2015,173.960007,174.910004,172.440002,174.270004,153.640167,5434175
06-07-2015,171.940002,174.139999,171,173.910004,153.322769,9839550
07-07-2015,174,175.580002,171.25,172.399994,151.991516,8516965
08-07-2015,170,170.529999,158.440002,159.5,140.618591,51260720
09-07-2015,161.800003,164,159,159.960007,141.024139,30729465
10-07-2015,161.589996,162.869995,160.800003,161.970001,142.796204,12458255
13-07-2015,163,164.020004,157.600006,162.899994,143.616119,23861560
14-07-2015,163,164.380005,161.199997,162.399994,143.175293,13142700
15-07-2015,162.339996,163,160.199997,160.860001,141.817612,13717715
16-07-2015,161.600006,167.139999,160.960007,166.070007,146.410843,28100665
17-07-2015,164.199997,167.199997,162.399994,164.910004,145.388168,21185955
20-07-2015,165.179993,165.399994,162.800003,163.589996,144.224426,10734130
21-07-2015,164,164.509995,161.009995,161.529999,142.408295,7971710
22-07-2015,161.399994,164.979996,160.220001,164.619995,145.132477,13214535
23-07-2015,164.399994,166.399994,163.009995,164.070007,144.647614,9892340
24-07-2015,164.199997,165.5,161.199997,161.630005,142.496445,12759565
27-07-2015,161.600006,161.869995,156.449997,157.059998,138.467438,16092860
28-07-2015,157.589996,159.990005,156.820007,158.990005,140.168991,10796865
29-07-2015,160.380005,164.199997,159.199997,163.220001,143.898239,32223395
30-07-2015,164.399994,165.179993,161.759995,162.5,143.263443,19520480
31-07-2015,163.580002,168.160004,162.820007,165.789993,146.164001,21541175
03-08-2015,166.990005,168.179993,164.850006,166.649994,146.92218,19091075
04-08-2015,166.300003,168.699997,165.009995,168.330002,148.403305,18714140
05-08-2015,168.800003,169.289993,165.839996,166.119995,146.454926,6614900
06-08-2015,166.600006,167.279999,165,165.520004,145.925949,7253480
07-08-2015,165.600006,165.940002,163.869995,164.289993,144.841568,6664450
10-08-2015,164.800003,166.860001,162.419998,163.350006,144.012833,11091580
11-08-2015,164,164.600006,159.399994,159.729996,140.821381,12570600
12-08-2015,158.960007,159,153.339996,154,135.769684,15414625
13-08-2015,156,157,151.440002,152.429993,134.385513,17850695
14-08-2015,153.199997,159.759995,153,159.360001,140.495178,18962485
17-08-2015,159.389999,160.5,156.679993,158.119995,139.401947,7442630
18-08-2015,158.990005,160,156.350006,157.199997,138.590866,9974165
19-08-2015,157.600006,157.919998,154.309998,154.850006,136.519058,8477175
20-08-2015,154.800003,155.160004,140.660004,144.009995,126.962273,34706850
21-08-2015,141.789993,141.800003,135.860001,138.429993,122.042831,47775905
24-08-2015,132.600006,132.600006,119,125.940002,111.031387,49036520
25-08-2015,129.600006,136.990005,127.5,136.139999,120.023918,35878850
26-08-2015,136.139999,139,132.559998,136.330002,120.191429,28419915
27-08-2015,140.940002,141,133.720001,137.520004,121.24057,30871450
28-08-2015,139.970001,140.360001,131.759995,135.339996,119.318611,29301755
31-08-2015,135.389999,138.850006,134.199997,137.889999,121.566757,14909355
01-09-2015,135.979996,135.979996,130.559998,133.279999,117.502487,20935610
02-09-2015,135,135.440002,130.460007,131.850006,116.241776,18930000
03-09-2015,133.199997,135.279999,132.160004,134.339996,118.436996,15062695
04-09-2015,133,133.600006,127,129.440002,114.117058,18705090
07-09-2015,129.800003,131.25,128.220001,130.139999,114.734192,13447880
08-09-2015,131.279999,140.179993,130.639999,139.369995,122.871552,34189085
09-09-2015,143.550003,144.779999,142,143.309998,126.345154,30508645
10-09-2015,139,143.940002,138.199997,142.600006,125.7192,17735250
11-09-2015,143.940002,145.270004,140.869995,142.190002,125.357735,15170375
14-09-2015,142,146.820007,141.259995,146.330002,129.007629,16565705
15-09-2015,146.539993,148.25,145.070007,145.589996,128.35524,16110920
16-09-2015,147,152.080002,147,151.690002,133.733139,27152445
18-09-2015,154.600006,155.800003,152.720001,154.330002,136.060623,26829095
21-09-2015,151.929993,154.559998,151.179993,153.440002,135.27597,16264740
22-09-2015,154.399994,154.759995,144.600006,146.649994,129.289749,19125910
23-09-2015,144.600006,148.779999,142.850006,147.649994,130.171387,28532335
24-09-2015,147.539993,148.699997,143.720001,144.179993,127.112144,18338545
28-09-2015,144,148.300003,144,145.979996,128.699081,17370665
29-09-2015,144.020004,149.800003,140.550003,147.720001,130.233078,38504095
30-09-2015,148.860001,150.869995,144.660004,145.940002,128.663803,21025405
01-10-2015,147.800003,147.880005,143,145.720001,128.469849,18723595
05-10-2015,146.550003,150.600006,146.550003,150.050003,132.287262,16198610
06-10-2015,150.479996,151.320007,147.380005,148.619995,131.026566,13222105
07-10-2015,148.619995,149.130005,146.720001,147.149994,129.730591,12428940
08-10-2015,146.600006,147.100006,144.089996,145.470001,128.249466,13806750
09-10-2015,146.660004,148.380005,144.020004,145.130005,127.949692,13380905
12-10-2015,145.860001,147.300003,144.119995,144.75,127.614685,11647585
13-10-2015,145.179993,147.220001,144.800003,146.759995,129.386734,15112280
14-10-2015,146.600006,148.520004,146,147.740005,130.250732,9671405
15-10-2015,148.399994,152.220001,148.399994,151.830002,133.856567,19755775
16-10-2015,152,154.940002,150.449997,154.710007,136.39563,16218250
19-10-2015,154.570007,155.190002,153.220001,154.089996,135.84903,9387355
20-10-2015,154.179993,155.740005,152.270004,154.020004,135.787323,13621220
21-10-2015,154,155.080002,151.399994,153.059998,134.940933,9432540
23-10-2015,154.520004,156,152.800003,154.229996,135.972458,12371450
26-10-2015,154.800003,155.199997,148.720001,149.240005,131.573166,11315700
27-10-2015,149.199997,151.259995,148.399994,150.259995,132.472397,13654945
28-10-2015,148.199997,149.690002,143.360001,145.529999,128.302338,20105845
29-10-2015,145.979996,149.520004,141.550003,148.720001,131.114731,59974035
30-10-2015,149.979996,153.130005,148.800003,151.729996,133.768402,20048755
02-11-2015,151.039993,154.699997,150.479996,154.399994,136.12233,13308240
03-11-2015,155.080002,156.300003,153.300003,155.860001,137.4095,15156160
04-11-2015,156.800003,158,156.039993,156.75,138.194122,12395670
05-11-2015,156,156.100006,151.820007,152.399994,134.359085,12105005
06-11-2015,152.440002,154.740005,150,151.690002,133.733139,12841760
09-11-2015,148.800003,153.639999,147.059998,152.389999,134.350281,19696955
10-11-2015,151.029999,153.300003,147.419998,147.929993,130.418228,11980700
13-11-2015,150.699997,151.5,146.699997,147.619995,130.144928,19647750
16-11-2015,147.199997,150.600006,147.020004,150.190002,132.41069,12772960
17-11-2015,151.279999,151.479996,147.399994,149.130005,131.476196,15427460
18-11-2015,149.130005,150.199997,144.039993,144.610001,127.491264,13495465
19-11-2015,145.699997,146.979996,144.820007,146.679993,129.316208,16618620
20-11-2015,146.669998,148.320007,145.020004,146.240005,128.928299,13068955
23-11-2015,146.800003,148.949997,146.419998,148.130005,130.594559,11223220
24-11-2015,148,149.639999,147.580002,148.830002,131.211685,12498670
26-11-2015,149.389999,150.800003,149.039993,149.960007,132.207932,14841055
27-11-2015,150.199997,153.940002,149.770004,152.539993,134.482498,12464520
30-11-2015,152.399994,154.199997,152.399994,153.399994,135.240707,11087220
01-12-2015,154,154.399994,151.740005,152.039993,134.041687,10485970
02-12-2015,152.440002,152.740005,149.600006,150.130005,132.357834,9236230
03-12-2015,149,151.779999,149,150.410004,132.604675,10662525
04-12-2015,149,150.240005,147.710007,148,130.47995,8180645
07-12-2015,148.979996,149.179993,146.5,146.979996,129.580688,7792800
08-12-2015,146.199997,147,144.720001,145.149994,127.967323,7330215
09-12-2015,145,146.979996,142.690002,143.339996,126.37159,10317275
10-12-2015,143.979996,144.360001,140.460007,141.419998,124.678879,16252330
11-12-2015,141.800003,142.740005,134.449997,136.119995,120.006287,28722100
14-12-2015,135.820007,137.800003,133.600006,136.649994,120.473541,17360285
15-12-2015,137.600006,138.839996,135.149994,138.270004,121.901779,13407435
16-12-2015,139.399994,142.119995,138.850006,139.710007,123.17131,18151740
17-12-2015,141.600006,144.75,141.139999,144.220001,127.147423,18659360
18-12-2015,143.580002,145.490005,142.720001,143.740005,126.724258,16685490
21-12-2015,143.399994,145.300003,143.380005,143.770004,126.750694,9460115
22-12-2015,143.990005,145.559998,142.399994,142.789993,125.886688,8068060
23-12-2015,143.600006,145.199997,143.600006,144.949997,127.791008,8680400
24-12-2015,145.229996,145.880005,144.020004,144.869995,127.720474,6064000
28-12-2015,145.179993,147.220001,145.039993,146.589996,129.236862,8447475
29-12-2015,146.889999,147.190002,145.600006,146.289993,128.972382,7058305
30-12-2015,146.759995,147.380005,146.020004,146.850006,129.466095,6045445
31-12-2015,146.820007,147.300003,144.679993,145.160004,127.976151,6457360
01-01-2016,145.529999,147.100006,144.550003,146.490005,129.148712,4988895
04-01-2016,145.979996,145.979996,140.220001,141.149994,124.440834,12693585
05-01-2016,141.800003,142.619995,139.679993,141.539993,124.784668,10345630
06-01-2016,142.389999,143.380005,140.300003,140.770004,124.105843,8329590
07-01-2016,138.580002,138.580002,135.139999,135.770004,119.697723,12052960
08-01-2016,137,139.800003,136.669998,138.740005,122.316139,12796475
11-01-2016,137,140.929993,135.25,138.899994,122.457191,14801465
12-01-2016,139.509995,139.889999,133.679993,134.589996,118.65741,15401165
13-01-2016,136.300003,137.970001,132.020004,136.539993,120.376564,24823865
14-01-2016,134.589996,135.729996,132.399994,134.839996,118.877808,17869410
15-01-2016,136,136.720001,132.020004,132.740005,117.026405,18152225
18-01-2016,132.199997,134.009995,130.339996,131.199997,115.668716,18905815
19-01-2016,132.600006,137.300003,131.5,136.25,120.120903,24393180
20-01-2016,134.779999,135.160004,126.309998,129.25,113.949547,26445660
21-01-2016,131.009995,134.600006,129.490005,130.860001,115.368973,20534760
22-01-2016,133.399994,137.940002,132.350006,136.800003,120.605797,16567570
25-01-2016,138.380005,139.020004,134.699997,135.5,119.459686,9817820
27-01-2016,136.020004,136.960007,133,135.610001,119.556679,10075060
28-01-2016,135.970001,137.279999,133.529999,134.309998,118.410553,16022000
29-01-2016,132.600006,149.899994,130.229996,149.360001,131.678955,87063495
01-02-2016,150.880005,155.160004,148.899994,154.479996,136.192856,55294340
02-02-2016,154.479996,157,152.080002,152.860001,134.764618,32985285
03-02-2016,150.270004,157.800003,150.009995,155.539993,137.12735,29323850
04-02-2016,156.940002,157.589996,150.850006,151.869995,133.891815,29722165
05-02-2016,151.839996,155.979996,151.839996,155.410004,137.012756,15978405
08-02-2016,155.039993,157.899994,153,153.669998,135.478714,16112350
09-02-2016,151.710007,153.779999,148.300003,149.369995,131.687759,19050925
10-02-2016,148.419998,149.350006,145.520004,147.070007,129.660049,21933695
11-02-2016,147,147.960007,141.919998,142.889999,125.974869,15571410
12-02-2016,144,146.589996,138.440002,145.690002,128.44342,22277665
15-02-2016,147.039993,152.360001,147.029999,150.679993,132.842667,18884615
16-02-2016,151.690002,151.860001,146.199997,146.770004,129.395554,16563985
17-02-2016,146.580002,146.580002,140.240005,144.070007,127.015182,26398540
18-02-2016,145.600006,147.179993,141.279999,142.850006,125.939598,16055755
19-02-2016,142.199997,144.720001,141.710007,142.509995,125.639862,11826110
22-02-2016,143.199997,144.100006,141.839996,142.550003,125.67511,8648975
23-02-2016,142.5,143.449997,136.240005,137.270004,121.020149,21500155
24-02-2016,136.770004,140.75,134.410004,138.130005,121.778351,20841410
25-02-2016,138.960007,139.009995,133.320007,134.100006,118.225418,22305795
26-02-2016,136.460007,138.399994,133.779999,137.309998,121.055428,20627085
29-02-2016,137.589996,140.800003,132.669998,137.800003,121.487419,24929325
01-03-2016,139.360001,144.360001,138.190002,143.880005,126.847672,20408715
02-03-2016,146.199997,152.350006,146.100006,151.050003,133.168915,26665300
03-03-2016,151.800003,152,148.220001,151.529999,133.592072,20116495
04-03-2016,151.199997,153.899994,149.050003,151.809998,133.838928,19092795
08-03-2016,153.800003,153.910004,150.320007,151.910004,133.927094,21291635
09-03-2016,151,158.679993,150.259995,158.119995,139.401947,30298510
10-03-2016,158.800003,160.190002,156.899994,158.279999,139.54303,18269590
11-03-2016,157.399994,160.960007,157.119995,160.119995,141.165192,20752680
14-03-2016,161,162,159.399994,160.399994,141.412048,12531405
15-03-2016,160.199997,163.399994,159.410004,162.190002,142.990158,18064305
16-03-2016,161.399994,163.100006,159.100006,160.880005,141.83522,16745200
17-03-2016,162.220001,163.759995,158.600006,159.910004,140.980057,15460550
18-03-2016,160.199997,163.5,159.149994,162.850006,143.572021,13220715
21-03-2016,163.600006,166.899994,162.550003,166.369995,146.675323,17150930
22-03-2016,166.199997,167.550003,164.529999,166.440002,146.737045,13091505
23-03-2016,166,170.369995,165.289993,169.850006,149.743393,20967780
28-03-2016,168.630005,171.979996,167.100006,168.449997,148.509094,17251110
29-03-2016,168.199997,170.880005,167.199997,169.270004,149.23204,9845555
30-03-2016,170.699997,174,169.710007,173.259995,152.749695,13545105
31-03-2016,172.5,175,171.710007,173.009995,152.529297,31232455
01-04-2016,172.600006,173.100006,170.479996,171.119995,150.863022,14136725
04-04-2016,171.179993,173.979996,171,173.589996,153.040634,16196910
05-04-2016,172,173.020004,165.300003,165.839996,146.208069,22500685
06-04-2016,167,168.429993,165.649994,166.809998,147.063263,16484090
07-04-2016,167.789993,168.800003,166.199997,167.100006,147.318924,9215225
08-04-2016,167.399994,170.699997,166.639999,169.880005,149.769836,11833340
11-04-2016,170.600006,172.490005,169.570007,171.929993,151.577148,9609845
12-04-2016,171.960007,173.660004,170.639999,171.860001,151.515427,8861115
13-04-2016,173.419998,175,173.149994,174.029999,153.428558,8343925
18-04-2016,172.399994,179.399994,172.220001,178.710007,157.55455,19491185
20-04-2016,178.940002,178.940002,175.399994,176.380005,155.500366,15352350
21-04-2016,177.679993,179.649994,175.320007,176.270004,155.403381,14804655
22-04-2016,176,177.580002,174.529999,175.149994,154.41597,9580800
25-04-2016,175.419998,177.100006,174.229996,175.729996,154.927292,7570435
26-04-2016,176,182.960007,175.119995,182.139999,160.578506,16571225
27-04-2016,183,184.600006,179.600006,183.100006,161.424866,51044735
28-04-2016,183.270004,190.339996,183.199997,189.110001,166.723419,66735715
29-04-2016,189.600006,190.490005,185.740005,188.589996,166.264969,21534815
02-05-2016,189.580002,191.520004,188.300003,188.990005,166.617615,19933955
03-05-2016,189.300003,190.360001,185.600006,186.240005,164.193176,14613445
04-05-2016,186.199997,186.779999,182.880005,183.520004,161.795151,24070805
05-05-2016,183.800003,186.639999,181.130005,182.429993,160.834167,33803715
06-05-2016,181.800003,183.979996,181.179993,182.039993,160.490341,11919815
09-05-2016,182.960007,189.600006,182.679993,189.240005,166.838013,23103750
10-05-2016,189.800003,190.580002,187.619995,189.949997,167.463959,16215080
11-05-2016,187.25,192.479996,185.600006,191.270004,168.627716,22916480
12-05-2016,191.199997,193.479996,190.020004,191.009995,168.398468,13195830
13-05-2016,191.210007,192.179993,188.820007,190.110001,167.605026,15825760
16-05-2016,190.589996,197.419998,189.039993,196.059998,172.850677,26057460
17-05-2016,197.740005,199.970001,193.539993,193.990005,171.025726,32223600
18-05-2016,193.279999,195.529999,192.570007,194.25,171.254944,14691410
19-05-2016,194.339996,197.399994,192.899994,193.380005,170.48793,15444495
20-05-2016,194.979996,196.300003,192.899994,195.539993,172.392227,13374215
23-05-2016,196.550003,197,194.899994,195.619995,172.462753,11301460
24-05-2016,195.009995,197.110001,194.229996,195.399994,172.268799,10828000
25-05-2016,197,199.839996,197,199.199997,175.618958,12132775
26-05-2016,200,205.199997,199.419998,204.210007,180.035904,16518240
27-05-2016,205,208.360001,203.600006,205.100006,180.820541,18491290
30-05-2016,204.880005,206.970001,204.259995,205.389999,190.357407,14618760
31-05-2016,205.399994,209.199997,203.979996,206.600006,191.478836,57458505
01-06-2016,206.300003,206.779999,201.110001,203.580002,188.679886,12213510
02-06-2016,202.850006,210.5,202.330002,209.809998,194.453903,14912165
03-06-2016,211,211.960007,208.419998,209.880005,194.518784,15162245
06-06-2016,210,213.800003,208.910004,212.940002,197.354813,16298060
07-06-2016,214.5,217.070007,212.419998,213.240005,197.632843,32603455
08-06-2016,213.100006,213.220001,208.979996,210.759995,195.334366,14662560
09-06-2016,210.759995,211.940002,207.330002,208.009995,192.785629,13298390
10-06-2016,208.520004,213.679993,208.119995,212.660004,197.095306,17476725
13-06-2016,211.589996,214.350006,210.479996,213.029999,197.438232,13488360
14-06-2016,213.020004,214.339996,211.509995,212.919998,197.336273,7728830
15-06-2016,213.710007,214.690002,211.419998,214.179993,198.504044,9095765
16-06-2016,213.199997,213.470001,209.490005,212.110001,196.585571,11322575
17-06-2016,213,215,212,214.169998,198.494781,10541745
20-06-2016,211.589996,215.800003,211.070007,215.050003,199.310364,7533270
21-06-2016,215.610001,216,213.270004,214.279999,198.596741,7588760
22-06-2016,215,216.320007,213.360001,215.770004,199.977692,10105465
23-06-2016,215.259995,223,215.259995,222.160004,205.899994,19308820
24-06-2016,212.449997,217.289993,208.399994,216.100006,200.283539,26805430
27-06-2016,214.089996,217.979996,213.990005,215.149994,199.403046,14452850
28-06-2016,216.580002,216.580002,212.490005,213.979996,198.318695,12291115
29-06-2016,215,216.759995,214,214.539993,198.837708,11630900
30-06-2016,216.380005,222,214.899994,221.419998,205.214157,16237150
01-07-2016,222.529999,226.800003,221.309998,225.940002,209.403336,12687335
04-07-2016,227,228,223,223.520004,207.160461,10167140
05-07-2016,223.779999,226.399994,222.600006,225.279999,208.791641,7817760
07-07-2016,226,226,222,222.419998,206.140961,8108555
08-07-2016,222.25,224.800003,221.320007,224.050003,207.651672,5656625
11-07-2016,226.399994,229.779999,226.220001,228.699997,211.961319,9376860
12-07-2016,228.399994,231.190002,227.619995,230.729996,213.842758,8146520
13-07-2016,230.539993,230.649994,227.600006,229.339996,212.554489,8914315
14-07-2016,229.600006,234.779999,229.080002,234.289993,217.142166,9619720
15-07-2016,234.399994,237.240005,232.110001,235.839996,218.578751,9389850
18-07-2016,235.020004,236.889999,234.059998,234.899994,217.707535,5684970
19-07-2016,234,234.190002,228.699997,230.669998,213.78714,10242095
20-07-2016,231.100006,233.75,229.619995,232.559998,215.538818,7295870
21-07-2016,232.399994,234,230.080002,230.929993,214.028107,5165295
22-07-2016,231,233.270004,229.860001,231.339996,214.408096,9143215
25-07-2016,230.009995,237.869995,229.550003,236.550003,219.236786,10202270
26-07-2016,236.600006,242.220001,235.429993,240.029999,222.462097,12171520
27-07-2016,241.179993,242.899994,235.220001,240.089996,222.517685,40172445
28-07-2016,241.389999,245.570007,240.529999,244.699997,226.790268,17546355
29-07-2016,245,247.199997,241.800003,243.389999,225.576172,12436060
01-08-2016,244.800003,247,240.710007,244.279999,226.401031,8392665
02-08-2016,245.199997,248.899994,244.570007,245.679993,227.698532,9455220
03-08-2016,246.600006,248.979996,243.529999,247.110001,229.023895,14034865
04-08-2016,248.100006,249.059998,244.009995,246.309998,228.28244,9219130
05-08-2016,247.960007,252.600006,246.899994,251.690002,233.268677,10681115
08-08-2016,253.630005,254,251.039993,253.050003,234.529129,6486035
09-08-2016,253.029999,253.169998,250.199997,251.970001,233.528183,8699890
10-08-2016,252.800003,254.369995,249.520004,253.479996,234.927658,12298940
11-08-2016,253,253,247.220001,250.5,232.165787,17711960
12-08-2016,250.800003,258.799988,250.600006,258.140015,239.246597,17444495
16-08-2016,259.790009,262.98999,257.980011,258.98999,240.034363,14094365
17-08-2016,260.200012,261.980011,257.059998,261.670013,242.518265,8196950
18-08-2016,262.040009,264.950012,261.600006,264.130005,244.798187,9260895
19-08-2016,264.200012,267.799988,263.200012,267.190002,247.634216,8321130
22-08-2016,267,269.850006,266.540009,268.660004,248.996628,10797710
23-08-2016,268.640015,270.269989,267.100006,268.25,248.616653,10622375
24-08-2016,268.25,268.570007,266.01001,267.570007,247.986435,9255800
25-08-2016,267.859985,269.920013,267.399994,268.709991,249.042953,18358660
26-08-2016,269.320007,269.399994,263.809998,265.299988,245.882553,11571115
29-08-2016,264.940002,268.600006,263.399994,267.730011,248.134705,14935990
30-08-2016,268.600006,274.950012,268.040009,271.040009,251.202438,16352895
31-08-2016,272,276.459991,268.399994,273.220001,253.2229,115844660
01-09-2016,273.940002,275.329987,272.029999,272.970001,252.991196,10078310
02-09-2016,273,278.850006,272.459991,277.670013,257.347198,10368200
06-09-2016,277.98999,289.799988,277.98999,288.160004,267.069427,15724805
07-09-2016,289.540009,289.540009,278.01001,280.309998,259.793976,25600470
08-09-2016,277.429993,278,264.25,265.649994,246.20694,35636540
09-09-2016,250.009995,263,249.389999,255.25,236.568115,78742560
12-09-2016,249.800003,249.800003,239.399994,241.020004,223.379623,43954345
14-09-2016,240.619995,251.389999,240.619995,250.699997,232.35112,31911355
15-09-2016,248,248,241.240005,244.360001,226.475159,24159660
16-09-2016,246.399994,247.869995,231.779999,233.960007,216.836334,51458690
19-09-2016,233.199997,238.75,231.160004,235.470001,218.23584,36763550
20-09-2016,237.820007,242.690002,234.259995,241.410004,223.741089,23871605
21-09-2016,241.820007,245.559998,241.820007,244.050003,226.187866,18703315
22-09-2016,249,251.800003,246.179993,249.309998,231.062866,23157050
23-09-2016,249,249.779999,245.610001,246.630005,228.579025,10170100
26-09-2016,244.389999,248.600006,243.25,247.070007,228.986832,12014610
27-09-2016,249.399994,250.360001,247.639999,249.380005,231.127762,14692145
28-09-2016,249.199997,254.960007,249,254.240005,235.632034,15717525
29-09-2016,255.199997,260.98999,245,246.160004,228.143433,43012315
30-09-2016,246.309998,251.820007,242.309998,250.940002,232.573563,20948795
03-10-2016,255,256.600006,252.649994,254.050003,235.455963,10837885
04-10-2016,256,258.359985,254.059998,256.809998,238.013947,11167390
05-10-2016,258.799988,259.5,254.199997,255.830002,237.105682,8482040
06-10-2016,247.419998,259,246.300003,256.01001,237.272507,29599565
07-10-2016,255.199997,256.959991,253.229996,254.759995,236.113983,8982320
10-10-2016,255.800003,258,255.199997,255.899994,237.170532,6132935
13-10-2016,253.600006,256.779999,247.059998,251.139999,232.758942,12997300
14-10-2016,252,253.600006,248.830002,251.990005,233.546722,9909040
17-10-2016,252.880005,253.399994,248.449997,250.110001,231.804306,6591605
18-10-2016,251,259.359985,251,258.209991,239.311478,12869390
19-10-2016,259.589996,261.709991,255.449997,258.309998,239.40416,14327055
20-10-2016,260.200012,264.730011,259.359985,261.76001,242.601654,28955560
21-10-2016,262.809998,264,259.399994,263.480011,244.195786,13051360
24-10-2016,264,265.589996,261.209991,262.160004,242.972382,6980205
25-10-2016,262,262.399994,259.700012,261.690002,242.536774,6748985
26-10-2016,260.790009,262.720001,256.910004,258.049988,239.163177,9314120
27-10-2016,260,260.190002,248.419998,250.720001,232.369675,24423540
28-10-2016,251.800003,255.580002,251.460007,254.460007,235.835938,6607850
01-11-2016,254.690002,254.690002,249.419998,249.889999,231.600433,8123990
02-11-2016,247.210007,247.589996,240.160004,241.929993,224.223007,14708685
03-11-2016,242.199997,253,238,241.759995,224.065445,9504210
04-11-2016,243,243.080002,234.520004,239.220001,221.711365,10946935
07-11-2016,242,246.380005,240.800003,241.470001,223.796692,8729235
08-11-2016,243,247.179993,239.229996,245.289993,227.337082,9374000
09-11-2016,228,245.899994,224.610001,243.830002,225.983963,22095675
10-11-2016,248,262.600006,246.059998,258.049988,239.163177,23416240
11-11-2016,254,257.200012,241.929993,242.979996,225.196167,23019025
15-11-2016,243.600006,243.600006,229.419998,231.490005,214.54715,23185210
16-11-2016,235.399994,239.800003,226.710007,236.399994,219.097733,18857495
17-11-2016,236.990005,241.649994,233.229996,234.630005,217.457306,12123435
18-11-2016,235.639999,237.110001,232.020004,236.149994,218.866058,14506735
21-11-2016,236.399994,238.289993,221.139999,222.5,206.215118,17277555
22-11-2016,225.740005,228.199997,219.029999,226.330002,209.764786,18976840
23-11-2016,229,229.199997,223.619995,225.050003,208.578461,12537850
24-11-2016,224.020004,226,221.839996,223.970001,207.577515,10787270
25-11-2016,226.089996,234.339996,224.970001,233.539993,216.447083,13887575
28-11-2016,227,235.199997,226.800003,229.919998,213.092026,15220840
29-11-2016,230.380005,232.759995,228.279999,228.910004,212.15596,13297495
30-11-2016,229.600006,236.160004,229.229996,234.770004,217.587082,16167775
01-12-2016,235.139999,236.949997,231.399994,232.199997,215.205154,10222350
02-12-2016,230.800003,232.720001,228.520004,230.029999,213.193985,12103050
05-12-2016,231.399994,237.5,230.210007,236.710007,219.385086,8199915
06-12-2016,237.539993,241.289993,235.479996,238.630005,221.164536,11322055
07-12-2016,239.699997,244,234.979996,237.649994,220.256271,19343400
08-12-2016,238.720001,243.779999,238.649994,243.110001,225.31665,8945565
09-12-2016,244,245,240.770004,243.949997,226.095184,10060200
12-12-2016,242.399994,243.600006,237.410004,238.529999,221.071869,7934645
13-12-2016,239,241.960007,236.020004,241.330002,223.666931,10786580
14-12-2016,242,242.139999,238.710007,239.220001,221.711365,8792235
15-12-2016,236.440002,240.899994,236.029999,237.039993,219.690918,14376015
16-12-2016,237.889999,239.399994,234.509995,236.419998,219.116302,14828850
19-12-2016,236.800003,237.570007,234.809998,235.960007,218.689987,7153710
20-12-2016,236.100006,236.710007,228.75,229.419998,212.628632,10497495
21-12-2016,230.380005,231.309998,226.820007,227.669998,211.006714,12158130
22-12-2016,227.339996,227.339996,223,225.229996,208.745285,8476115
23-12-2016,225.199997,227.990005,224.559998,224.940002,208.476532,8115335
26-12-2016,223.979996,224.199997,218.110001,220.300003,204.176132,10491065
27-12-2016,220.339996,226.619995,219.899994,225.600006,209.088226,8043755
28-12-2016,225.779999,227.800003,222.100006,222.610001,206.317062,9113155
29-12-2016,222,230.740005,221.020004,229.660004,212.851059,14143345
30-12-2016,229.539993,232.25,229,231.289993,214.361755,8215860
02-01-2017,232.119995,232.399994,226.259995,228.929993,212.174484,7840160
03-01-2017,229,234.539993,228.089996,232.580002,215.557343,8751180
04-01-2017,233.199997,234.380005,231.660004,232.630005,215.603699,6142000
05-01-2017,234.020004,243.880005,233.679993,242.039993,224.324966,18553125
06-01-2017,243,250.380005,243,249.350006,231.099945,18725905
09-01-2017,250.960007,253.550003,249.460007,251.240005,232.851624,12191130
10-01-2017,251.800003,254.800003,250.309998,252.919998,234.408661,7624730
11-01-2017,254.800003,264.529999,254.610001,263.570007,244.279175,20699225
12-01-2017,263.799988,268.700012,263.600006,265.100006,245.697205,15027680
13-01-2017,265.73999,266.790009,261.399994,263.609985,244.316223,8671860
16-01-2017,263.700012,267.140015,262.279999,265.75,246.299622,8523630
17-01-2017,267.26001,267.26001,263,264.76001,245.38208,6981840
18-01-2017,265.76001,270.25,265.600006,269.190002,249.487854,10352885
19-01-2017,268.98999,271.299988,266.470001,269.5,249.775146,25297635
20-01-2017,270.799988,275.73999,270.429993,271.73999,251.851196,22001130
23-01-2017,272.190002,277.799988,271.709991,276.589996,256.346252,15537505
24-01-2017,278.390015,282.640015,269.299988,271.779999,251.888275,30640810
25-01-2017,274.399994,282,273.440002,281.359985,260.76712,23329875
27-01-2017,282,284.299988,278.040009,279.75,259.274933,13920505
30-01-2017,279.98999,280.089996,276.779999,277.799988,257.467682,7839290
31-01-2017,277.600006,280,276.209991,279.200012,258.765198,11578925
01-02-2017,280.600006,283.279999,276.440002,282.619995,261.934875,17459400
02-02-2017,283.799988,283.799988,276.600006,277.399994,257.096924,9416970
03-02-2017,277.529999,280.459991,277.049988,279.559998,259.098846,8084475
06-02-2017,282,282.149994,278.600006,279.690002,259.21936,6608055
07-02-2017,279.200012,281,277.480011,279.359985,258.913483,7400480
08-02-2017,280,284.649994,275.51001,282.049988,261.406586,9060940
09-02-2017,283,283.920013,279.019989,281.640015,261.026642,8521155
10-02-2017,282.399994,283.290009,280.399994,282.570007,261.88855,7798400
13-02-2017,283.200012,291.459991,282,290.570007,269.30304,18793785
14-02-2017,291.339996,294.359985,288.23999,291.429993,270.100098,15388990
15-02-2017,291.540009,292.079987,283.769989,286.190002,265.243591,11266445
16-02-2017,286.5,289.200012,285.200012,287.390015,266.355774,8392305
17-02-2017,289,291.73999,287.049988,288.179993,267.087921,8932190
20-02-2017,288,288.01001,284.679993,285.850006,264.928467,6579210
21-02-2017,286.799988,290.76001,286.209991,289.950012,268.728424,6692070
22-02-2017,290.5,291.709991,288.23999,289.390015,268.209442,5801400
23-02-2017,290,291,288.279999,289.350006,268.172302,6372095
27-02-2017,288.329987,289.049988,283.450012,284.380005,263.566101,6439075
28-02-2017,285.399994,291.899994,284.600006,290.540009,269.275238,8081825
01-03-2017,291.940002,293.299988,288.609985,290.929993,269.636658,5863515
02-03-2017,292,292.040009,283.829987,284.940002,264.085083,7519330
03-03-2017,284.559998,288.390015,284.019989,286.75,265.762634,6324110
06-03-2017,289.01001,292.959991,287.440002,292.299988,270.906403,6495315
07-03-2017,293,293,287.820007,289.640015,268.441101,7445505
08-03-2017,290,296.320007,289.600006,294.890015,273.306854,13481850
09-03-2017,295.399994,295.76001,292.399994,293.049988,271.601532,5479040
10-03-2017,294,296.890015,293.019989,296.269989,274.585815,8345885
14-03-2017,304.540009,307.799988,302.850006,306.350006,283.92807,16745770
15-03-2017,305.299988,307.200012,303.940002,305.809998,283.427612,8129185
16-03-2017,308,309.089996,303.700012,305.589996,283.223724,10198655
17-03-2017,308,308,300.700012,301.579987,279.507172,17495735
20-03-2017,303.75,304.799988,301.420013,303.149994,280.96228,6081850
21-03-2017,304.399994,304.429993,293.730011,296.950012,275.216095,12168835
22-03-2017,295,295.399994,292.029999,294.170013,272.639557,10002040
23-03-2017,294.799988,304.299988,292.399994,303.720001,281.49057,20748350
24-03-2017,307.799988,308.950012,304.910004,305.809998,283.427612,16829935
27-03-2017,305.809998,308.399994,304,305.589996,283.223724,7944450
28-03-2017,306.859985,307.899994,305.200012,306.970001,284.502686,8336700
29-03-2017,307.299988,311,305.410004,308.98999,286.374878,7800535
30-03-2017,308,311.5,307.730011,310.429993,287.709473,9487205
31-03-2017,310.799988,311,306.799988,309.350006,286.708496,8166155
03-04-2017,309.640015,311.220001,307,307.769989,285.244141,4339220
05-04-2017,311,314,307.26001,313.5,290.554779,9783590
06-04-2017,313.540009,315.070007,311.149994,312.950012,290.045044,16374930
07-04-2017,311.220001,315.179993,309.920013,311.309998,288.525024,7763240
10-04-2017,312.399994,321,311.820007,319.920013,296.504913,11888320
11-04-2017,320.600006,324.700012,319.079987,322.950012,299.31311,13096210
12-04-2017,323.399994,327,320.690002,326.290009,302.408691,9419810
13-04-2017,325.200012,327.589996,322.619995,323.279999,299.618958,5963665
17-04-2017,323.720001,325.179993,320.459991,322.119995,298.543854,5512460
18-04-2017,322.799988,325.589996,319.589996,321.179993,297.672668,5196760
19-04-2017,320.059998,323.799988,318.450012,321.089996,297.589264,16480495
20-04-2017,304.119995,314.98999,304.119995,309.029999,286.411957,39365810
21-04-2017,311.399994,312.559998,304.799988,308.829987,286.226563,15381650
24-04-2017,309.799988,314.630005,308.640015,310.859985,288.108002,9259060
25-04-2017,312,313.399994,310.600006,311.390015,288.599213,6576035
26-04-2017,312,317.380005,311.549988,316.410004,293.251801,9858260
27-04-2017,317,330.380005,314.790009,328.480011,304.438385,21107455
28-04-2017,327.910004,328.929993,324.359985,326.049988,302.186218,6679805
02-05-2017,326.399994,330.359985,324.709991,326.779999,302.862793,8228195
03-05-2017,327.540009,328.290009,323.119995,326.589996,302.686707,4906685
04-05-2017,326.51001,328,324.019989,325.369995,301.556,5059810
05-05-2017,325.200012,326.200012,320.869995,321.75,298.200958,4888600
08-05-2017,322.799988,326.799988,321.809998,323.089996,299.442871,4212900
09-05-2017,323.209991,323.320007,318.429993,320.5,297.04245,4889665
10-05-2017,321.200012,322.98999,316.820007,319.679993,296.282471,9752185
11-05-2017,321.600006,321.600006,315,315.459991,292.371307,8346570
12-05-2017,316.200012,318.359985,293.850006,296.619995,274.910217,51398635
15-05-2017,299.380005,301.200012,290.709991,294.410004,272.862,30387720
16-05-2017,295.299988,300,293.619995,296.679993,274.96582,13899055
17-05-2017,296.790009,296.790009,290.209991,290.929993,269.636658,17047740
18-05-2017,287.600006,288.779999,278.600006,280.230011,259.719849,24997430
19-05-2017,282.549988,291,281.049988,286.019989,265.08606,29884735
22-05-2017,288.76001,290.109985,279.600006,281.160004,260.581757,12638575
23-05-2017,282.200012,283.600006,275.25,280.630005,260.090546,14373025
24-05-2017,281.609985,288.799988,279.609985,285.01001,264.149963,14895365
25-05-2017,286.799988,294,286.119995,292.850006,271.416168,19542615
26-05-2017,293.959991,300,291.01001,298.720001,276.856506,12482845
29-05-2017,298.720001,298.73999,286.630005,287.660004,277.764191,10137385
30-05-2017,287.200012,292.200012,286.410004,287.670013,277.773865,8310575
31-05-2017,288.399994,289.679993,281.850006,286.269989,276.421997,11974010
01-06-2017,286,290,284.209991,288.920013,278.980865,10535155
02-06-2017,291.339996,297.5,289.059998,296.350006,286.155243,13008640
05-06-2017,296.600006,305.26001,296.350006,304.709991,294.227631,16429705
06-06-2017,305,306.48999,299.76001,301.230011,290.867401,8410250
07-06-2017,303.98999,304.029999,296.220001,298.75,288.472687,9245400
08-06-2017,299.799988,300.339996,293.470001,295.23999,285.083435,9557160
09-06-2017,295.940002,299.790009,295.040009,297.76001,287.516724,10083805
12-06-2017,296.200012,300.859985,294.089996,296.720001,286.512512,8054565
13-06-2017,297.700012,302.190002,297.5,298.769989,288.491974,7061315
14-06-2017,299.209991,299.950012,289,289.799988,279.830566,17689740
15-06-2017,289.799988,290,286.200012,289.230011,279.280182,13899395
16-06-2017,289.799988,291.670013,287.399994,288.700012,278.768402,14628365
19-06-2017,290.799988,291.149994,285.119995,286.190002,276.344757,14848970
20-06-2017,286.600006,291.079987,285.230011,289.410004,279.45401,9913855
21-06-2017,287.600006,289.029999,285.320007,286.540009,276.682739,9528905
22-06-2017,287.779999,294,287.470001,290.399994,280.409943,15429910
23-06-2017,290.73999,291.660004,286.23999,287.079987,277.204132,6802620
27-06-2017,291,291.079987,281.01001,283.100006,273.361084,10131580
28-06-2017,282.880005,291.809998,280.299988,289.940002,279.965759,13617320
29-06-2017,291.980011,294,286.769989,287.700012,277.802826,13099315
30-06-2017,287.600006,293.369995,285,292.700012,282.630829,10461845
03-07-2017,293.959991,299.200012,290.399994,298.549988,288.279541,10883920
04-07-2017,301.559998,302.399994,296,297.01001,286.792542,10966170
05-07-2017,297.820007,301.940002,297.399994,301.190002,290.828735,9132875
06-07-2017,300.200012,303.799988,299,300.809998,290.461823,7192995
07-07-2017,300.529999,303.040009,299.519989,301.149994,290.790131,6158365
10-07-2017,302.459991,304.399994,300.179993,302.579987,292.170898,1561380
11-07-2017,303.049988,306.600006,301.600006,302.959991,292.537842,9910100
12-07-2017,303.200012,304.540009,301,303.089996,292.663361,8068060
13-07-2017,303.600006,317.600006,303.600006,316.399994,305.515503,20791405
14-07-2017,318.369995,318.970001,310.839996,312.920013,302.155212,10366505
17-07-2017,313.940002,314.980011,308.679993,309.48999,298.843201,5489385
18-07-2017,309.940002,315.48999,309.019989,311.559998,300.84198,7161790
19-07-2017,312.200012,315.299988,310.220001,314.029999,303.22702,10549830
20-07-2017,314.399994,315.799988,312.23999,314.320007,303.50708,8239275
21-07-2017,314.399994,316.290009,313,315.529999,304.675446,5325410
24-07-2017,315.600006,323.799988,315.390015,318.649994,307.68808,12576130
25-07-2017,319.339996,324.73999,317.220001,323.570007,312.438843,12826760
26-07-2017,324.940002,344.799988,321.049988,342.390015,330.61145,42745710
27-07-2017,349.450012,359.600006,348.399994,357.170013,344.882965,59043405
28-07-2017,353,372.200012,353,368.369995,355.697693,42766660
31-07-2017,370,371.600006,360.630005,361.899994,349.450226,21767735
01-08-2017,363.73999,367.600006,361.829987,365.450012,352.878143,14552820
02-08-2017,366,368.589996,362.609985,365.799988,353.216064,10065875
03-08-2017,364.399994,365.779999,354.459991,357.089996,344.805725,14988025
04-08-2017,354,363.049988,352.709991,361.589996,349.150879,14304925
07-08-2017,362,363.399994,358.75,359.970001,347.586639,6655985
08-08-2017,359.799988,360.399994,350.799988,352.709991,340.576416,11647730
09-08-2017,351.200012,354.890015,347.200012,348.309998,336.327759,9912435
10-08-2017,348.309998,348.839996,342.019989,346.019989,334.116516,10660635
11-08-2017,341.399994,351.459991,340.429993,347.880005,335.912537,15510645
14-08-2017,350.399994,357.200012,350.040009,355.700012,343.463531,9926005
16-08-2017,356.809998,357.799988,346.399994,352.369995,340.248108,18723055
17-08-2017,355.799988,355.799988,345.859985,347.619995,335.661499,9567955
18-08-2017,346.980011,347.459991,341.660004,344.149994,332.310852,8394525
21-08-2017,344.200012,350.600006,342.019989,343.339996,331.528748,7164610
22-08-2017,346.399994,346.399994,337.200012,342.579987,330.794891,13768740
23-08-2017,343.73999,345.600006,339.519989,344.649994,332.793671,11216740
24-08-2017,345.559998,347.790009,342.880005,343.890015,332.059845,8865265
28-08-2017,344.600006,351.559998,342.320007,350.670013,338.606567,9749985
29-08-2017,350.399994,350.670013,343.209991,344.309998,332.465332,8813485
30-08-2017,346.309998,353,346.209991,350.420013,338.365173,9864255
31-08-2017,350,354.880005,349.01001,350.609985,338.548615,12833805
01-09-2017,350.670013,356,350.670013,355.290009,343.067657,7997070
04-09-2017,354.100006,355.929993,347.410004,352.820007,340.682617,8600510
05-09-2017,353.399994,357.559998,353,355.649994,343.415253,8064790
06-09-2017,354,360.959991,352.459991,358.790009,346.447266,9434255
07-09-2017,360.359985,363.799988,358.480011,360,347.615601,8895275
08-09-2017,361.399994,361.540009,356.049988,357.799988,345.491302,5402980
11-09-2017,359.25,373.149994,358.850006,368.410004,355.736298,16706180
12-09-2017,370.980011,371.769989,364.399994,370.149994,357.416443,10676065
13-09-2017,370.399994,372.399994,366.519989,367.799988,355.147278,6871880
14-09-2017,369.079987,373.200012,368.040009,370.309998,357.570923,6350920
15-09-2017,365.679993,371.799988,365.459991,369.01001,356.315674,8160390
18-09-2017,370.420013,374.399994,370.200012,371.829987,359.038635,7120825
19-09-2017,372.279999,374.399994,369.429993,373.299988,360.458069,5622390
20-09-2017,373,377.200012,372.200012,376.019989,363.084503,6049650
21-09-2017,375.299988,382.899994,373.350006,377.049988,364.079071,7307710
22-09-2017,376.799988,376.799988,359.450012,360.649994,348.243225,12176561
25-09-2017,361,363.700012,349,359.600006,347.22937,9426506
26-09-2017,361,363,355.700012,360.75,348.339813,6184763
27-09-2017,364.899994,364.899994,350.75,353.200012,341.049561,8301438
28-09-2017,353.5,355.450012,347.299988,350.799988,338.732086,11672921
29-09-2017,353.700012,353.899994,345.100006,350,337.959595,10421179
03-10-2017,354.899994,354.899994,347.5,351.049988,338.973511,8078173
04-10-2017,352.700012,357.5,351.049988,355.799988,343.560089,7252399
05-10-2017,357.299988,367.5,357,359.450012,347.084534,10552658
06-10-2017,360.600006,366.799988,360.600006,365.799988,353.216064,4977073
09-10-2017,367.899994,372.649994,363.149994,370.899994,358.140625,5402776
10-10-2017,372,374,371,372.899994,360.071808,5475930
11-10-2017,374.200012,375,362,363,350.512421,7532154
12-10-2017,363.100006,367.649994,359,365.399994,352.829834,7573094
13-10-2017,366,373.049988,365.950012,369.700012,356.981934,5848807
16-10-2017,374,374.200012,365.75,367.700012,355.05072,5086334
17-10-2017,369,375.899994,368,373.549988,360.699463,6984827
18-10-2017,366,368,359,362.399994,349.933044,12849346
19-10-2017,364.399994,365.299988,355,357.799988,345.491302,1935015
23-10-2017,358,364.549988,351,353.899994,341.725464,9451524
24-10-2017,355.700012,363.399994,344.600006,347.600006,335.642181,12420114
25-10-2017,356,356,312.850006,326.899994,315.654297,33427154
26-10-2017,331.899994,338.649994,318,331.200012,319.806396,26581626
27-10-2017,307,313.5,298.549988,307.049988,296.487122,80906668
30-10-2017,311.5,317.450012,308.100006,314.850006,304.018799,23574790
31-10-2017,317.5,319.25,311.299988,314.25,303.439453,11811133
01-11-2017,317,320.5,316.450012,318.799988,307.832947,9265421
02-11-2017,321,323.899994,318.200012,320.450012,309.426178,9244908
03-11-2017,322.450012,328,321.700012,325.950012,314.736969,12865964
06-11-2017,327,329,317.799988,319.649994,308.653687,9427134
07-11-2017,323,323,305.5,311.700012,300.977203,30444032
08-11-2017,313.200012,313.649994,301.850006,303.799988,293.348938,25323557
09-11-2017,305.950012,308.799988,302,304.649994,294.169708,15467103
10-11-2017,305,309.899994,302,304.049988,293.590332,11561127
13-11-2017,306.75,307.950012,303.049988,303.75,293.300659,6538482
14-11-2017,305,306.350006,302,302.549988,292.141937,9724235
15-11-2017,302.799988,305.799988,295.600006,300.950012,290.597015,13048729
16-11-2017,302.899994,303.950012,297.5,301.299988,290.934967,9008654
17-11-2017,308,314.399994,305.100006,306.100006,295.569824,18464900
20-11-2017,309.450012,314,308.200012,313.350006,302.570404,9652806
21-11-2017,316,318,310.700012,312.299988,301.556519,9635431
22-11-2017,315.600006,315.799988,307,309.75,299.094269,6979712
23-11-2017,310,316.350006,307.149994,313.25,302.473846,7091441
24-11-2017,315,315.950012,312.049988,313.049988,302.280731,7331839
27-11-2017,312,316,309.5,315.299988,304.453339,5301460
28-11-2017,314.5,316.899994,313.649994,315,304.163666,5342555
29-11-2017,315,316,310.950012,312.899994,302.135895,5457734
30-11-2017,311,311.950012,305,306.899994,296.342285,9124083
01-12-2017,307.799988,309.899994,305.100006,306.850006,296.294067,6121307
04-12-2017,307.799988,308.200012,301.649994,303.200012,292.769623,6436175
05-12-2017,302.149994,310,300.600006,308.700012,298.080414,7558058
06-12-2017,306.799988,309.899994,304.600006,306.450012,295.907806,6114939
07-12-2017,306.549988,311.950012,306.549988,310.5,299.818451,5794382
08-12-2017,312,315.5,311,312.700012,301.94281,8434605
11-12-2017,313.5,315.799988,310.600006,311.600006,300.880615,4416465
12-12-2017,312,312,305.899994,306.799988,296.245758,5457103
13-12-2017,306.350006,307.350006,301.049988,301.899994,291.514282,6911856
14-12-2017,303.899994,304.649994,301.75,303.899994,293.445526,4904177
15-12-2017,307,317.450012,307,315.899994,305.032715,20571225
18-12-2017,315.899994,318,305.299988,311.149994,300.446106,13690080
19-12-2017,314,314.399994,309.549988,312.25,301.50827,6290291
20-12-2017,312.399994,313.399994,310,311.700012,300.977203,6605913
21-12-2017,311.200012,313.950012,309.399994,310.450012,299.770203,7130623
22-12-2017,310.5,313.5,308.700012,310.149994,299.480469,7895699
26-12-2017,310.5,317.899994,310.200012,315.5,304.646454,9269961
27-12-2017,316.649994,318.950012,313.350006,315.149994,304.308472,8912485
28-12-2017,314,316,311.799988,313.5,302.715271,7927990
29-12-2017,313.5,315.799988,312.799988,315.149994,304.308472,4718184
01-01-2018,315.5,317.75,311.299988,312.600006,301.846252,4019878
02-01-2018,313.399994,314,307.149994,311.649994,300.928894,5224976
03-01-2018,312,316.5,311.149994,315.850006,304.984436,5672263
04-01-2018,316,318.399994,313,317.100006,306.191437,5667580
05-01-2018,317.5,337.899994,317.450012,332.850006,321.399628,30720675
08-01-2018,336,341.299988,331.299988,333.600006,322.123779,12747890
09-01-2018,334.899994,342.799988,327.549988,341.350006,329.607208,13282560
10-01-2018,341.5,342.350006,335.450012,339.799988,328.110474,10385044
11-01-2018,339,344.25,335.299988,343.149994,331.345276,8266126
12-01-2018,344.100006,344.700012,337.549988,340.899994,329.172668,5688676
15-01-2018,341.899994,343.700012,335.100006,336,324.441223,7142164
16-01-2018,336,338.75,328,334.850006,323.330811,7296505
17-01-2018,335.100006,343.5,331.399994,342.399994,330.621063,7985222
18-01-2018,350,356.899994,332.350006,341.200012,329.462372,35465087
19-01-2018,347.5,352.25,339.100006,349.350006,337.332001,21425789
22-01-2018,349.950012,358.25,348.75,355.350006,343.12558,13456538
23-01-2018,359.850006,360.399994,352.299988,359.549988,347.181091,10196645
24-01-2018,357,366.299988,356,364.799988,352.250488,11258771
25-01-2018,364.5,364.5,355.649994,361.600006,349.160583,8963188
29-01-2018,361.200012,363.700012,355.549988,358,345.684387,7931235
30-01-2018,358,360.799988,351.850006,353.350006,341.194397,7890491
31-01-2018,353,356.549988,350.450012,354.399994,342.208252,8527044
01-02-2018,355,367.25,352.649994,359.899994,347.519073,15217926
02-02-2018,354.200012,356,341.799988,349.049988,337.042297,16298953
05-02-2018,340,349,333.600006,343.600006,331.779816,13407059
06-02-2018,325,342.899994,324,338.75,327.096649,12557261
07-02-2018,344,344,330.600006,332.899994,321.447876,11681640
08-02-2018,332.899994,340.350006,331.5,335,323.475647,7785799
09-02-2018,330,331.450012,324,325.549988,314.350739,9395513
12-02-2018,326.600006,337.200012,326.600006,335.399994,323.861877,12049356
14-02-2018,336,337.850006,318.950012,320.350006,309.32962,13548524
15-02-2018,321.200012,328.799988,317.700012,319.799988,308.798523,15482667
16-02-2018,324,325,309.649994,311.799988,301.073761,18611798
19-02-2018,313.850006,315,307.549988,312.049988,301.315125,9311433
20-02-2018,314.350006,316.100006,307.5,308.700012,298.080414,11389041
21-02-2018,311,313.899994,304.5,312.350006,301.604858,13342678
22-02-2018,311.899994,316.899994,308.149994,316.100006,305.22583,14787238
23-02-2018,316.450012,326,316.450012,323.450012,312.322998,11399732
26-02-2018,326.5,328.200012,319.350006,326.149994,314.930084,9225197
27-02-2018,325.299988,334.25,325,327.149994,315.895691,15104405
28-02-2018,323,325.200012,318.049988,322.299988,311.212524,10985771
01-03-2018,322.100006,326,318.350006,321.049988,310.005524,7333939
05-03-2018,318.5,319,311.149994,312.950012,302.184204,7973146
06-03-2018,317,320.5,309.850006,312.149994,301.411713,8299126
07-03-2018,312,314.899994,308,311.950012,301.218597,8420190
08-03-2018,312.299988,313.25,294.700012,308.549988,297.935547,24027679
09-03-2018,310,310.950012,301.299988,303.25,292.817871,11596136
12-03-2018,305.200012,314.5,301.350006,311.149994,300.446106,12860205
13-03-2018,310,315.399994,309.799988,312.799988,302.039307,11436348
14-03-2018,311.799988,321.899994,308.200012,318.850006,307.881226,12905495
15-03-2018,318.950012,321,310.850006,311.850006,301.12204,9999620
16-03-2018,312.399994,316.850006,310,312.899994,302.135895,17094363
19-03-2018,316,316.5,302.5,304.799988,294.314575,11267355
20-03-2018,303,305.799988,299.700012,302.399994,291.997131,9874137
21-03-2018,305,309.049988,300.049988,300.75,290.40387,13383435
22-03-2018,301.799988,303.700012,295.75,298.25,287.989868,19356591
23-03-2018,293,293.049988,285,286.649994,276.78891,21617995
26-03-2018,286.5,304.899994,286,303.350006,292.914459,24240033
27-03-2018,307,309.25,300.700012,303.5,293.059265,15267419
28-03-2018,300.149994,307.5,299.100006,304.850006,294.362823,14952643
02-04-2018,307,308.5,303.600006,306.25,295.714661,8844027
03-04-2018,306.450012,314.200012,304,313.100006,302.32901,10392997
04-04-2018,313,320,304,305.450012,294.9422,13516525
05-04-2018,311.799988,315.600006,307.799988,313.049988,302.280731,11449637
06-04-2018,314.700012,316,311.600006,314.5,303.680878,8598435
09-04-2018,316,319.899994,314.399994,316.25,305.370697,14002415
10-04-2018,320.100006,320.5,315,319.25,308.267456,9976629
11-04-2018,320,320,310.5,312,301.266846,9921987
12-04-2018,312.200012,313.350006,308,311.75,301.025452,11359462
13-04-2018,312.600006,314.450012,305.700012,309.549988,298.901123,12849690
16-04-2018,307,311.100006,306.450012,310.350006,299.673645,10808237
17-04-2018,311.899994,313.350006,307.25,307.899994,297.307922,12509310
18-04-2018,311,313.700012,308.75,309.549988,298.901123,11323144
19-04-2018,311,319.5,309,318.5,307.543243,13498117
20-04-2018,317.700012,317.700012,306.049988,308.549988,297.935547,21800867
23-04-2018,310.899994,317,309,313.049988,302.280731,10927239
24-04-2018,314,328.799988,314,324,312.854034,24392058
25-04-2018,323.75,328.5,317.450012,325.25,314.061035,15370686
26-04-2018,327.950012,360.25,323.600006,352.399994,340.277039,62364794
27-04-2018,365,369,345.100006,348.899994,336.897461,52230752
30-04-2018,350.899994,367.200012,350.299988,362,349.546814,28400085
02-05-2018,361.950012,364.700012,351.700012,354.25,342.063446,13058846
03-05-2018,354,359.25,346.5,353.950012,341.773743,15431044
04-05-2018,354.5,357.75,344.200012,345.100006,333.22821,12241946
07-05-2018,347.799988,350,342.649994,347.899994,335.931854,6781161
08-05-2018,350,353.950012,340.5,343.299988,331.490082,11670852
09-05-2018,344.450012,349.75,343.200012,347.850006,335.883606,9802803
10-05-2018,350.950012,350.950012,342.649994,344.649994,332.793671,7330619
11-05-2018,346.5,351.799988,341.799988,350.25,338.20105,7642090
14-05-2018,350.799988,353.799988,343.100006,344.799988,332.938477,7468232
15-05-2018,346,354.600006,343.600006,345.75,333.855835,12805393
16-05-2018,344,356.450012,342,349.75,337.718201,12708109
17-05-2018,351.5,352,344,345.299988,333.421265,6702419
18-05-2018,346.5,348.799988,343.100006,345.5,333.614441,8938377
21-05-2018,346,349.200012,333.049988,334.149994,322.654846,8748958
22-05-2018,334.100006,340.75,331,334.700012,323.186005,10869535
23-05-2018,335,338.75,331.5,333.700012,322.220367,7738850
24-05-2018,336.700012,337,325.600006,330,318.647675,8077461
25-05-2018,333,341.899994,332,339.399994,327.724274,6957024
28-05-2018,341.5,348.25,340.75,345.200012,333.324768,8982939
29-05-2018,344.399994,345.899994,335.100006,338.049988,326.420685,7870400
30-05-2018,335.75,344,332.649994,343.149994,331.345276,10036644
31-05-2018,345.399994,349.399994,338,346.200012,334.290344,17910411
01-06-2018,347,348.700012,340.25,342.700012,330.910767,9470256
04-06-2018,343.899994,350.899994,342,342.950012,333.781891,14501600
05-06-2018,342.5,342.75,333.649994,336.75,327.74765,8492155
06-06-2018,337.950012,340.549988,332.549988,339.149994,330.083466,8211104
07-06-2018,341.200012,345.5,338,339.549988,330.472778,9630695
08-06-2018,337.5,340.25,335.049988,337.649994,328.623566,5851442
11-06-2018,338.600006,344.850006,334.700012,335.700012,326.725708,11980621
12-06-2018,335.700012,337.950012,331.200012,332.200012,323.319275,9851496
13-06-2018,336.899994,336.899994,331.5,333.200012,324.292542,7530350
14-06-2018,333,338.350006,330.549988,337.200012,328.185608,6819965
15-06-2018,333,336.200012,328.649994,330.649994,321.810699,8518379
18-06-2018,330.799988,333.850006,327.700012,331.649994,322.783966,6785348
19-06-2018,330.950012,334.5,328.5,330.899994,322.054016,8566372
20-06-2018,331.899994,337,331.399994,336.100006,327.115021,7720519
21-06-2018,336.799988,337.600006,331.200012,332.950012,324.049255,5133865
22-06-2018,333.600006,335.700012,329.5,335.100006,326.141754,6006046
25-06-2018,334.75,338.950012,332.899994,334.149994,325.217102,5792052
26-06-2018,333.100006,337.75,332.049988,335.950012,326.969025,4706265
27-06-2018,336,337.75,331.049988,335.600006,326.628387,6930662
28-06-2018,336.399994,336.399994,327.299988,329.299988,320.496765,8130250
29-06-2018,330.700012,341.75,329.649994,339.649994,330.570099,8963268
02-07-2018,338.049988,341.700012,332.350006,337.049988,328.039612,8091469
03-07-2018,337.700012,340.5,335.299988,336.899994,327.893616,4998778
04-07-2018,337,337.5,332.5,335.549988,326.579712,4507001
05-07-2018,338.75,350.799988,338.600006,348.649994,339.329498,21239763
06-07-2018,348.299988,357.700012,347,352.600006,343.17392,17790500
09-07-2018,356.100006,366.899994,355,363.299988,353.58786,16834621
10-07-2018,363.899994,373.100006,360,371.399994,361.471313,20404168
11-07-2018,370.950012,373.350006,367.450012,371.600006,361.665985,9423127
12-07-2018,372.5,385,372.5,374.799988,364.780426,17868601
13-07-2018,376.899994,380.299988,367.299988,376,365.948364,15448753
16-07-2018,376,380.799988,369.600006,378.5,368.381531,9093938
17-07-2018,377.899994,385.899994,375.600006,380.799988,370.620026,12586691
18-07-2018,381.899994,388,378,383.649994,373.39386,10472260
19-07-2018,380.950012,394.350006,379.399994,392.299988,381.812592,17050256
20-07-2018,391.100006,392.5,385.299988,386.5,376.167664,10076070
23-07-2018,387.899994,392.350006,382.75,386.600006,376.265015,9511403
24-07-2018,389.200012,390,382.700012,384.350006,374.075134,9785989
25-07-2018,386,392.700012,381.5,382.899994,372.663879,12467278
26-07-2018,385,386.299988,358.549988,369.75,359.865448,35251243
27-07-2018,374.899994,374.899994,362.399994,370,360.108734,17100821
30-07-2018,372,373,365.25,369.299988,359.42746,11469162
31-07-2018,370,374.700012,366.399994,367.950012,358.113556,9734450
01-08-2018,369.899994,371.549988,362,365.850006,356.069702,7742871
02-08-2018,364.950012,365.649994,356.649994,361.799988,352.12796,8365895
03-08-2018,364,374,364,373.200012,363.223206,10625829
06-08-2018,374,380.700012,373.450012,377.899994,367.797546,12018227
07-08-2018,380,386.399994,376.5,381.649994,371.447327,13525426
08-08-2018,382.600006,385.75,379.549988,382.75,372.517914,6767532
09-08-2018,383.5,384.700012,377.649994,381.049988,370.863342,5854134
10-08-2018,382,391,381,382.850006,372.615234,13916077
13-08-2018,379,383,368.299988,370.700012,360.79007,9205915
14-08-2018,369,384.299988,368.149994,382.5,372.274597,12351125
16-08-2018,381.200012,384.850006,374.200012,378.450012,368.332855,11567658
17-08-2018,382.399994,395.649994,380.299988,393.200012,382.688568,16094026
20-08-2018,396.799988,404,392.549988,394,383.467163,15247130
21-08-2018,396,397.450012,389.5,391.350006,380.888,9991245
23-08-2018,395.25,395.5,383.350006,388.600006,378.211517,9262319
24-08-2018,387,388.700012,372.850006,374.200012,364.196503,16301075
27-08-2018,378,384.649994,377,383,372.76123,9563369
28-08-2018,386,386,362.799988,370.600006,360.692719,26309238
29-08-2018,373.649994,378.549988,362,365.149994,355.388397,30544751
30-08-2018,369,369,358,361.75,352.079285,28157288
31-08-2018,343,350,336.25,343.5,334.3172,84019022
03-09-2018,347.950012,348,337.200012,339.049988,329.986145,26137760
04-09-2018,340.75,343.399994,332.549988,334.049988,325.119812,22057643
05-09-2018,332.899994,344.899994,332.25,343.799988,334.609161,24809578
06-09-2018,346.549988,347.799988,337.899994,339.200012,330.132141,17527530
07-09-2018,341,341.049988,321.799988,323.399994,314.754517,48830425
10-09-2018,323.649994,328.899994,316,323.649994,314.997833,43295622
11-09-2018,326,327.850006,314.600006,316.600006,308.136292,28553718
12-09-2018,318,319.950012,310.600006,314.299988,305.897766,26121445
14-09-2018,318.5,328.5,316.700012,323.100006,314.462524,36624891
17-09-2018,317.5,321.850006,315.950012,318.600006,310.082855,18554055
18-09-2018,319.350006,328.950012,319.100006,323.549988,314.900513,30243505
19-09-2018,326,328.75,318.049988,319.200012,310.666809,16185496
21-09-2018,287.299988,287.299988,218.100006,226.5,220.444946,293552756
24-09-2018,236.5,237.5,215.850006,226.399994,220.347626,105701372
25-09-2018,230,238.850006,197.25,219.699997,213.826736,110217421
26-09-2018,223,229.800003,217,223.75,217.768478,62814786
27-09-2018,226,227,202.050003,203.25,197.816498,91197198
28-09-2018,203.600006,204,165,183.649994,178.740448,148654874
01-10-2018,180,203.800003,170.600006,200.850006,195.480667,130992623
03-10-2018,205,222.949997,202.25,212.75,207.062531,97945695
04-10-2018,209.399994,220,205.050003,215,209.252396,65604016
05-10-2018,215,218.5,203.100006,206,200.492981,40546788
08-10-2018,210,226.600006,207.399994,221.199997,215.286636,62349640
09-10-2018,225.5,233.800003,222.600006,224.649994,218.644409,49480210
10-10-2018,229,237,219.399994,233.899994,227.647125,52351177
11-10-2018,222,268.950012,216.649994,240.199997,233.778717,94679663
12-10-2018,247,254.399994,244.5,246.449997,239.861618,43535321
15-10-2018,248.949997,250.600006,241.550003,246,239.42366,24694397
16-10-2018,247,251.399994,245.600006,248.899994,242.246124,18099074
17-10-2018,252.5,254.850006,228.5,231.899994,225.700592,37767849
19-10-2018,225,230.550003,213,217.899994,212.07486,50336402
22-10-2018,221,222.350006,208.5,211.5,205.845963,33633639
23-10-2018,209,216.699997,206.5,213.199997,207.500504,28293781
24-10-2018,217.5,220,202,204,198.546448,38009322
25-10-2018,202.600006,207.5,195,198.350006,193.047501,59170164
26-10-2018,178.550003,191.649994,168.600006,180.699997,175.869339,95760078
29-10-2018,185,185.899994,174.75,181.300003,176.453293,52331613
30-10-2018,182,189.899994,180.649994,182.050003,177.183243,43428186
31-10-2018,185,189.5,179.649994,188.100006,183.071503,53264490
01-11-2018,192,205.75,189.050003,204.050003,198.595108,69202992
02-11-2018,212.75,215.899994,207.649994,209.100006,203.510117,51686587
05-11-2018,209,212.350006,206.100006,210.100006,204.483383,21134350
06-11-2018,212.25,217.899994,211,214.449997,208.717087,26924066
07-11-2018,217.449997,218,215.5,215.949997,210.176987,3962712
09-11-2018,214,229.399994,213.199997,227.899994,221.807526,40754087
12-11-2018,230,230.850006,221.100006,223.050003,217.087189,29069172
13-11-2018,222,226.850006,220,225.449997,219.423019,19014119
14-11-2018,226.899994,229,221,222.399994,216.454559,19780790
15-11-2018,215,217.949997,202.25,205.850006,200.347,60944632
16-11-2018,201.75,201.75,187.800003,191,185.893982,88101871
19-11-2018,198.100006,205.949997,194.350006,204.800003,199.325058,64329717
20-11-2018,198,199.75,191,192.100006,186.964584,77354754
21-11-2018,196.100006,200.800003,194.600006,198.149994,192.852844,47627190
22-11-2018,200,203.850006,194.649994,195.550003,190.322342,44350629
26-11-2018,189,191.949997,182.199997,187.899994,182.876846,60418383
27-11-2018,193,193.800003,180.350006,182.649994,177.767197,70065939
28-11-2018,180.399994,181,160.300003,162.100006,157.766571,140720495
29-11-2018,157.050003,167,146.75,160.449997,156.160675,292043464
30-11-2018,164,171.350006,160.449997,169.800003,165.260727,120153166
03-12-2018,174,179.5,165.300003,178,173.241516,104720593
04-12-2018,180.350006,182.449997,175.25,176.5,171.781601,68038860
05-12-2018,173.5,178.449997,172.199997,173.399994,168.764465,52289539
06-12-2018,169,172.5,167.350006,168.449997,163.946808,38867660
07-12-2018,170,172,162,166.199997,161.756943,49750931
10-12-2018,162,169.5,160,165.649994,161.221649,50379613
11-12-2018,164.5,179.850006,163.800003,177.850006,173.09552,85103084
12-12-2018,182,187.5,181.550003,186.600006,181.611603,71832334
13-12-2018,193,193.199997,172.300003,174.699997,170.029724,108920029
14-12-2018,172.699997,181.600006,168.25,180.350006,175.528687,79566067
17-12-2018,183.25,184.449997,179.449997,181,176.161316,35269769
18-12-2018,180,180.899994,176.75,179,174.214767,35729865
19-12-2018,180.5,183.149994,178.600006,179.550003,174.750076,40247602
20-12-2018,179,187.600006,178,186.75,181.757584,61970822
21-12-2018,188,188.449997,180.850006,182.949997,178.059174,40864241
24-12-2018,184,185.5,181.25,182.300003,177.426559,32861722
26-12-2018,182.5,182.649994,174.25,179.449997,174.65274,47421246
27-12-2018,183,183.449997,177.050003,178.100006,173.338837,44303877
28-12-2018,180,183.300003,180,181.449997,176.599274,27142501
31-12-2018,183.199997,183.850006,181,181.800003,176.939926,18970865
01-01-2019,182.600006,185.899994,181,184.25,179.324417,24160878
02-01-2019,183.449997,187,182.5,184.649994,179.71373,32583205
03-01-2019,185.25,186,183.5,184.100006,179.178436,20239949
04-01-2019,184.850006,190.300003,181.550003,189.649994,184.580063,45914917
07-01-2019,193.899994,194.399994,185.800003,187.149994,182.146896,40515242
08-01-2019,188,193.199997,185,192.350006,187.207901,40559174
09-01-2019,193.949997,193.949997,181.5,186.449997,181.465607,63673200
10-01-2019,188,188.899994,184.199997,186.899994,181.90358,36296992
11-01-2019,188.699997,189.899994,182.75,184.25,179.324417,33594786
14-01-2019,185,198,182.300003,195.350006,190.127701,98089778
15-01-2019,196.600006,205,196.100006,203,197.573181,82308056
16-01-2019,204.800003,209.149994,203.5,208.350006,202.780167,58015710
17-01-2019,209.25,209.550003,200.25,201.5,196.113281,60534702
18-01-2019,202,203.050003,196.199997,198.600006,193.290802,41858021
21-01-2019,199.300003,200.5,190.699997,191.949997,186.818588,37304992
22-01-2019,191.5,193.800003,187.399994,192.199997,187.06189,38382360
23-01-2019,194.5,199.5,193.649994,197.25,191.976898,46394304
24-01-2019,199,235,189,215.399994,209.641693,127603904
25-01-2019,225,245,218,219.600006,213.729416,183425643
28-01-2019,222.449997,223,206.100006,207.5,201.952881,58015753
29-01-2019,207,209.449997,195.699997,202.899994,197.475845,76651017
30-01-2019,211,212,198.300003,199.5,194.166748,65312137
31-01-2019,202,202.449997,190.149994,194.100006,188.911118,67794993
01-02-2019,195.899994,197.199997,181.25,185.600006,180.638336,66597684
04-02-2019,184.25,184.699997,175.600006,179.800003,174.993393,60771732
05-02-2019,179.800003,183.5,175,176.100006,171.392303,44477885
06-02-2019,178.899994,178.949997,173,176.449997,171.732956,45391450
07-02-2019,177.100006,181.800003,175.25,176.949997,172.219574,44494971
08-02-2019,177,178.5,173.25,175.100006,170.419052,32561739
11-02-2019,175.100006,176,170.100006,173.25,168.618484,29509227
12-02-2019,173,176.25,172.100006,172.649994,168.034515,22298518
14-02-2019,186.350006,224,186.350006,221.25,215.335297,264725005
15-02-2019,226.899994,226.899994,211.300003,219,213.145447,141193124
18-02-2019,201,216.699997,201,213.550003,207.841156,89969426
19-02-2019,215.100006,218.100006,211.550003,212.850006,207.159866,33990276
20-02-2019,216.899994,219.800003,213.350006,217.850006,212.026199,48429455
21-02-2019,218.850006,218.850006,214,215.149994,209.398376,27975632
22-02-2019,214.5,223.699997,213.100006,222,216.065262,51329944
25-02-2019,223.850006,230.600006,221.199997,229.100006,222.975449,47825222
26-02-2019,223.199997,234.449997,220.100006,229.5,223.364761,84298892
27-02-2019,233,236.800003,223.649994,228.199997,222.099518,74650022
28-02-2019,230,232.75,226.800003,231.149994,224.970627,45753501
01-03-2019,234.899994,238.5,234.100006,237.600006,231.248215,42006406
05-03-2019,236,240.75,234.5,237.449997,231.102234,30848699
06-03-2019,238.100006,240.649994,232.949997,235.300003,229.009705,24658589
07-03-2019,235.5,236,228.649994,231.699997,225.505951,27229610
08-03-2019,231.699997,234.899994,229.5,232.300003,226.089905,23233663
11-03-2019,233,238,231.600006,236.300003,229.982971,21189817
12-03-2019,238,239.199997,235,235.850006,229.544998,22100817
13-03-2019,236,247.600006,232.699997,244.300003,237.769119,58883298
14-03-2019,248,254,246.149994,249.850006,243.170746,59684202
15-03-2019,251.699997,252.800003,243.5,245.050003,238.499069,38715468
18-03-2019,247,248.550003,241.800003,245.949997,239.375,24825632
19-03-2019,246.649994,250.5,245,248.800003,242.148804,21448040
20-03-2019,248.75,253,246.399994,252.149994,245.409241,26817389
22-03-2019,253,257.5,250.350006,252.600006,245.847229,34018752
25-03-2019,250,250.399994,246.100006,247.25,240.640244,23540100
26-03-2019,247.5,254.800003,247.449997,253.699997,246.917816,20571726
27-03-2019,258.399994,269.850006,256.100006,268.450012,261.273529,84155309
28-03-2019,270.649994,277.700012,268.299988,276.100006,268.718994,48078072
01-04-2019,276,280,273.799988,275.899994,268.524323,27807546
02-04-2019,278.200012,282.049988,274.799988,280.299988,272.806702,24708930
03-04-2019,283.5,286,272.200012,273.700012,266.383179,31808834
04-04-2019,274,275,265,268.049988,260.884186,42003554
05-04-2019,270,274,264.25,266.850006,259.716278,28319923
08-04-2019,267.100006,268.100006,258.25,260.049988,253.098038,26252469
09-04-2019,261.899994,272,258.700012,270.600006,263.366028,39195173
10-04-2019,272,275.450012,267.5,268.25,261.078827,32016249
11-04-2019,268.75,270.25,264,269.049988,261.857452,20363799
12-04-2019,269.700012,271.899994,265.799988,267.899994,260.73819,21736271
15-04-2019,268.450012,269.899994,264.799988,265.5,258.402374,13509220
16-04-2019,267.549988,269.200012,265,266.450012,259.326965,16368625
18-04-2019,266.399994,267.950012,254.050003,255.800003,248.96167,32491440
22-04-2019,253.949997,254.399994,237,238.350006,231.978165,37467080
23-04-2019,239,244.649994,230.5,232.699997,226.479202,43232834
24-04-2019,233,240.399994,231.199997,239.149994,232.756775,38516951
25-04-2019,241,250.399994,236.050003,237.050003,230.712921,71641179
26-04-2019,239.899994,240.350006,232.100006,237.199997,230.858902,48524121
30-04-2019,213.5,213.5,165.600006,168,163.508835,217219923
02-05-2019,162,178,160,173.75,169.105133,124177861
03-05-2019,177,177.800003,169.699997,175.899994,171.197632,58953903
06-05-2019,168.050003,171.899994,165.5,166.25,161.805618,49500412
07-05-2019,169,169.949997,163.649994,164.75,160.345718,40446604
08-05-2019,165,166.5,160,160.75,156.452667,47387735
09-05-2019,158,171.399994,156.5,170.300003,165.747345,88653903
10-05-2019,172.75,174.25,162.800003,163.850006,159.469788,62257935
13-05-2019,164.899994,165.449997,154,154.699997,150.564392,60884255
14-05-2019,155.100006,158.899994,151.399994,155.850006,151.683655,62642515
15-05-2019,154.199997,154.300003,141.800003,142.949997,139.128494,95899314
16-05-2019,144,145.899994,134.649994,137.75,134.06752,82730883
17-05-2019,141,146,132.449997,134.149994,130.563751,117940438
20-05-2019,142.5,144.899994,137,143.550003,139.712463,82205265
21-05-2019,145,145,138.5,141,137.230637,59499614
22-05-2019,141,141.25,135.5,137.550003,133.872864,58669730
23-05-2019,143.899994,150.800003,138.75,139.75,136.014053,111719246
24-05-2019,141,142.899994,139.5,141.199997,137.425278,45274708
27-05-2019,142,148.449997,140.850006,146.800003,142.875595,67258367
28-05-2019,148.949997,154.899994,148.199997,152.800003,148.715195,81670499
29-05-2019,154,156,150.649994,151.699997,147.644577,49000782
30-05-2019,150.199997,156.5,149.899994,155,150.856369,55475576
31-05-2019,156.600006,157,147,147.800003,143.848846,63368992
03-06-2019,148,149.899994,144.5,149.449997,147.449997,40272408
04-06-2019,148.800003,153.850006,148.550003,152.800003,152.800003,45560540
06-06-2019,148.449997,151.199997,142.300003,143.399994,143.399994,65169529
07-06-2019,143.399994,145.449997,136.149994,139.899994,139.899994,66206668
10-06-2019,141.899994,145,132.550003,135.899994,135.899994,86398912
11-06-2019,135,143.5,133.75,139.550003,139.550003,80946657
12-06-2019,136,137.800003,133.600006,134.75,134.75,56236715
13-06-2019,130.800003,130.800003,116,117.099998,117.099998,197154833
14-06-2019,118.5,121,112.849998,115.050003,115.050003,155169990
17-06-2019,118,118.349998,113.75,116.150002,116.150002,84436078
18-06-2019,116,117.5,107.099998,109.300003,109.300003,116604528
19-06-2019,109,111.449997,101.300003,103.199997,103.199997,126458237
20-06-2019,102,115.900002,98.699997,114.550003,114.550003,159393077
21-06-2019,114.550003,114.800003,108.25,109.599998,109.599998,106421502
24-06-2019,112,114,108.849998,111.949997,111.949997,79695315
25-06-2019,111,112.5,109.099998,110.050003,110.050003,56892279
26-06-2019,109,114.650002,108.400002,113.050003,113.050003,72879532
27-06-2019,113.050003,114.5,111.800003,112.400002,112.400002,51280994
28-06-2019,112.5,113,107.5,108.75,108.75,68854685
01-07-2019,109.5,110.5,107.650002,109.150002,109.150002,42545442
02-07-2019,108.050003,108.050003,99.800003,100.800003,100.800003,149669579
03-07-2019,100.75,103.800003,98.849998,99.75,99.75,112667717
04-07-2019,101,102.150002,95.199997,96.25,96.25,108105010
05-07-2019,95,96.849998,87.400002,88.150002,88.150002,220546903
08-07-2019,87,94.599998,85.650002,93.150002,93.150002,197675527
09-07-2019,95,97,90.300003,91.349998,91.349998,137863884
10-07-2019,92.150002,94,91.5,93,93,75776545
11-07-2019,94,95,90.699997,92.449997,92.449997,73432269
12-07-2019,93.25,94.849998,91.650002,94.199997,94.199997,60702978
15-07-2019,95,99.300003,92.550003,93.199997,93.199997,126736904
16-07-2019,94,106.5,92.25,103.849998,103.849998,228682135
17-07-2019,108.5,108.5,97.550003,98.400002,98.400002,238375009
18-07-2019,88.599998,90.25,79.150002,85.800003,85.800003,229258092
19-07-2019,86,86.900002,82.599998,83.25,83.25,145863654
22-07-2019,83.300003,92.5,81.699997,91.150002,91.150002,208758719
23-07-2019,89,93.900002,87.099998,90.650002,90.650002,164964349
24-07-2019,91.5,93.650002,88.150002,89.150002,89.150002,104007122
25-07-2019,88.400002,90.400002,85.849998,87.650002,87.650002,113015178
26-07-2019,88.75,96.900002,87.099998,96.050003,96.050003,186097455
29-07-2019,95.699997,98.699997,91.349998,94.75,94.75,138287221
30-07-2019,95,96.300003,81.150002,86.050003,86.050003,120979045
31-07-2019,86,92.349998,84.75,91.199997,91.199997,133054947
01-08-2019,88.949997,91.300003,85.75,88.400002,88.400002,111842102
02-08-2019,87.800003,90.900002,86.800003,88.300003,88.300003,106397716
05-08-2019,88,88,79.5,81.099998,81.099998,136352605
06-08-2019,80.900002,86.650002,79.699997,85.349998,85.349998,134819814
07-08-2019,86.5,92,86.099998,86.849998,86.849998,171429816
08-08-2019,89.25,89.900002,84.800003,89.199997,89.199997,122325009
09-08-2019,91.800003,92.449997,81.150002,82.150002,82.150002,187030766
13-08-2019,84,84.199997,72.849998,73.599998,73.599998,206712601
14-08-2019,74.900002,77.900002,70.550003,76.550003,76.550003,173114134
16-08-2019,79,81.449997,76.849998,79.449997,79.449997,143478784
19-08-2019,79.449997,80.75,76,76.650002,76.650002,127652182
20-08-2019,76.949997,76.949997,70.5,71.199997,71.199997,167966737
21-08-2019,71.199997,71.5,64.550003,65.400002,65.400002,228212985
22-08-2019,66.400002,67.699997,53.200001,56.299999,56.299999,314692568
23-08-2019,56.400002,61.25,54.75,59.25,59.25,309367850
26-08-2019,62.950001,64.699997,57.349998,62.900002,62.900002,277799302
27-08-2019,62.900002,65.349998,62.5,64.5,64.5,190996863
28-08-2019,64.5,65.150002,58.049999,59.5,59.5,223167624
29-08-2019,59.25,59.299999,55,57.400002,57.400002,188754023
30-08-2019,58.25,60.950001,55.5,59.950001,59.950001,226395035
03-09-2019,59.25,62.299999,57.650002,58.75,58.75,196326964
04-09-2019,58.349998,60.299999,57.25,59.450001,59.450001,143742201
05-09-2019,59.700001,62.349998,58.849998,61.950001,61.950001,177919556
06-09-2019,61.299999,62.150002,59.599998,60.400002,60.400002,130716447
09-09-2019,60.099998,64.099998,59.849998,63.099998,63.099998,150897861
11-09-2019,66,75.449997,65,71.599998,71.599998,332938591
12-09-2019,71.800003,72.199997,67.150002,67.949997,67.949997,221839869
13-09-2019,67,69.5,64.099998,68.550003,68.550003,278285524
16-09-2019,67.599998,68.199997,65.949997,67.050003,67.050003,128189225
17-09-2019,67.099998,68.800003,64.650002,65.099998,65.099998,150932029
18-09-2019,66,66.449997,61.700001,64.099998,64.099998,186937027
19-09-2019,64.699997,64.800003,53,54.099998,54.099998,321270950
20-09-2019,53.700001,59.900002,52.700001,55.5,55.5,398347296
23-09-2019,57,57.5,52.900002,55.450001,55.450001,221169297
24-09-2019,54.900002,57.650002,53.549999,56.049999,56.049999,171828060
25-09-2019,55.900002,56.849998,53.099998,53.700001,53.700001,152430784
26-09-2019,53.900002,54.25,50.549999,51.049999,51.049999,249670424
27-09-2019,50,52.900002,48.400002,48.75,48.75,306867611
30-09-2019,48.25,49.099998,40.950001,41.400002,41.400002,356666325
01-10-2019,42,44.299999,29,32,32,808959169
03-10-2019,35.200001,43.450001,35.200001,42.5,42.5,584506441
04-10-2019,45,45.900002,40.950001,42.150002,42.150002,512643766
07-10-2019,45.950001,46.799999,42.799999,45.650002,45.650002,355287494
09-10-2019,45.450001,45.450001,41.049999,43.25,43.25,343533101
10-10-2019,41.700001,42.700001,40.150002,40.950001,40.950001,207266038
11-10-2019,41,42,37,39.599998,39.599998,339478520
14-10-2019,39.900002,41.5,38.799999,40.099998,40.099998,223727101
15-10-2019,41.099998,41.450001,39,40.599998,40.599998,193601940
16-10-2019,40.599998,42.049999,39.799999,41.049999,41.049999,188799876
17-10-2019,41.900002,48.200001,40.700001,47.400002,47.400002,422749767
18-10-2019,46.599998,52.700001,46,51.400002,51.400002,441645534
22-10-2019,53,56.599998,50.25,51.799999,51.799999,407437580
23-10-2019,51.799999,53.5,49.200001,51.200001,51.200001,296722600
24-10-2019,51.200001,52.549999,47.450001,48.299999,48.299999,230787323
25-10-2019,48.650002,54.299999,45.75,52.150002,52.150002,346577924
27-10-2019,null,null,null,null,null,null
29-10-2019,54.349998,59.900002,53.099998,58.150002,58.150002,368611147
30-10-2019,59.099998,59.450001,56,56.799999,56.799999,256297926
31-10-2019,56.099998,78.699997,54.900002,70.400002,70.400002,836967454
01-11-2019,71,71.849998,65,66.599998,66.599998,431574597
04-11-2019,59.950001,71.300003,56.650002,66.150002,66.150002,420997681
05-11-2019,70.300003,72,67.199997,68.300003,68.300003,294896159
06-11-2019,68.550003,71.150002,67.550003,68.699997,68.699997,226082900
07-11-2019,68,69.300003,66,66.449997,66.449997,189859140
08-11-2019,65.900002,72.300003,64.300003,68.949997,68.949997,413106980
11-11-2019,70,73.550003,69.150002,73,73,263947818
13-11-2019,74.400002,75.300003,67.099998,68.199997,68.199997,317911123
14-11-2019,68.849998,70.800003,67.099998,68.75,68.75,195114955
15-11-2019,69.199997,70.199997,68.300003,68.699997,68.699997,129526064
18-11-2019,69.25,69.25,65.400002,65.849998,65.849998,178150594
19-11-2019,65,67.25,63.049999,64.150002,64.150002,239228500
20-11-2019,62.099998,66.449997,62,65.849998,65.849998,229215332
21-11-2019,66.900002,66.900002,63.799999,64.25,64.25,133531524
22-11-2019,64.25,66.150002,64,64.800003,64.800003,121791625
25-11-2019,64.949997,65.5,62.299999,63.75,63.75,171923335
26-11-2019,64.599998,67.5,62.549999,63.150002,63.150002,399791670
27-11-2019,68.099998,69,65.650002,68.25,68.25,254612192
28-11-2019,69,70.650002,68.349998,70.050003,70.050003,223021365
29-11-2019,72,74,67.550003,68.300003,68.300003,428332393
02-12-2019,69,69.300003,63.049999,64.050003,64.050003,361756071
03-12-2019,64.099998,65.25,59,59.5,59.5,297142445
04-12-2019,58.549999,63.450001,56.650002,63,63,340845428
05-12-2019,63,64,60.849998,62.099998,62.099998,224990595
06-12-2019,60.099998,60.75,55.150002,56,56,282441286
09-12-2019,56,58.849998,53.75,56.25,56.25,314839590
10-12-2019,54.799999,56.349998,48.549999,50.549999,50.549999,345518744
11-12-2019,47.25,49.400002,40.75,42.799999,42.799999,661012673
12-12-2019,43.150002,48.799999,42.799999,45.349998,45.349998,398199436
13-12-2019,45.5,47.650002,45.400002,46.650002,46.650002,201459985
16-12-2019,47.25,48,45.950001,46.799999,46.799999,172273653
17-12-2019,47.400002,48.200001,46.849998,47.599998,47.599998,130789036
18-12-2019,48,48.200001,46,46.75,46.75,130282558
19-12-2019,46,51.400002,44.950001,49.900002,49.900002,307936405
20-12-2019,49.5,53.5,48.299999,51.400002,51.400002,359647922
23-12-2019,50.75,52.299999,48.700001,49.650002,49.650002,276776855
24-12-2019,50.150002,52,50.049999,51.200001,51.200001,242779981
26-12-2019,51,51.599998,48.25,48.650002,48.650002,216380349
27-12-2019,49.5,49.75,47.650002,48,48,154956583
30-12-2019,47.900002,48.950001,46.650002,47.349998,47.349998,152510288
31-12-2019,47.299999,48.049999,46.349998,46.950001,46.950001,141422188
01-01-2020,46.950001,47.5,46.5,46.650002,46.650002,102291841
02-01-2020,46.799999,48.5,46.400002,47.349998,47.349998,122242838
03-01-2020,47.349998,48.25,46.849998,47.099998,47.099998,94827592
06-01-2020,46.75,46.75,45,45.150002,45.150002,102880221
07-01-2020,45.700001,46.400002,43.950001,45.049999,45.049999,111094678
08-01-2020,46.25,47.200001,45.299999,46.049999,46.049999,140074287
09-01-2020,47,48.5,46.299999,47.299999,47.299999,152025694
10-01-2020,47.950001,48.349998,43.799999,44.75,44.75,303072426
13-01-2020,43.400002,43.900002,41.049999,42.099998,42.099998,194734026
14-01-2020,41.75,41.75,36.549999,38.549999,38.549999,314975429
15-01-2020,38.450001,41.099998,36.650002,39.75,39.75,400694734
16-01-2020,40.150002,40.900002,39.75,39.950001,39.950001,126354618
17-01-2020,37.599998,39.549999,37,39.25,39.25,125635833
20-01-2020,39.5,40.200001,38.450001,38.650002,38.650002,89703186
21-01-2020,38.599998,39.200001,38.099998,38.349998,38.349998,67215936
22-01-2020,38.700001,39,38,38.450001,38.450001,62400795
23-01-2020,38.549999,41.400002,38.349998,40.950001,40.950001,178774952
24-01-2020,41.200001,45,41.099998,42.799999,42.799999,289854100
27-01-2020,42.299999,43.450001,41.849998,42.400002,42.400002,134241973
28-01-2020,42.5,43.299999,41.25,41.650002,41.650002,106167368
29-01-2020,41.849998,42.349998,41,41.200001,41.200001,141475654
30-01-2020,40.799999,40.849998,38.549999,39.049999,39.049999,150556233
31-01-2020,39.299999,40.200001,38.700001,39.25,39.25,117636393
